0,1,2,3,4,5,6
2021-08-25T09:25:00+0530,283.2,283.2,215.65,218.3,0,25
2021-08-25T09:30:00+0530,218.3,218.3,207.85,207.85,1100,825
2021-08-25T09:35:00+0530,209.25,215.9,206.75,215.9,300,1300
2021-08-25T09:40:00+0530,215.9,216.2,183.15,183.15,100,1400
2021-08-25T09:45:00+0530,175,197.4,167.6,197.4,625,1425
2021-08-25T09:50:00+0530,194.5,194.5,187.75,189.1,275,1450
2021-08-25T09:55:00+0530,189.1,189.1,182.95,184.05,1200,2225
2021-08-25T10:00:00+0530,184.05,184.05,180.5,182.55,225,2325
2021-08-25T10:05:00+0530,180.9,190.6,180.9,185.05,225,2325
2021-08-25T10:10:00+0530,185.05,185.05,166.75,169.15,200,2500
2021-08-25T10:15:00+0530,168.35,172.7,162.05,163,300,2650
2021-08-25T10:20:00+0530,167,167,161.75,167,1550,3525
2021-08-25T10:25:00+0530,163.9,180,163.9,180,1175,4150
2021-08-25T10:30:00+0530,180,180,173.85,176.6,100,4150
2021-08-25T10:35:00+0530,176.6,180.25,174.5,174.5,450,4350
2021-08-25T10:40:00+0530,174.5,174.5,174.5,174.5,0,4350
2021-08-25T10:45:00+0530,174.5,174.5,167.5,170.4,800,4550
2021-08-25T10:50:00+0530,170.4,177.8,170.4,177.8,100,4900
2021-08-25T10:55:00+0530,177.8,177.8,173.8,176.85,75,4900
2021-08-25T11:00:00+0530,176.8,176.8,172.2,175.2,175,4950
2021-08-25T11:05:00+0530,175.2,175.2,170.9,171.7,225,5000
2021-08-25T11:10:00+0530,171.7,173.45,171.7,173.45,25,5025
2021-08-25T11:15:00+0530,173.45,173.45,173.2,173.2,50,5025
2021-08-25T11:20:00+0530,173.2,196.2,173.2,196.2,150,5075
2021-08-25T11:25:00+0530,196.2,206.85,196.2,203.9,275,5075
2021-08-25T11:30:00+0530,202.7,202.7,190,193.05,125,5025
2021-08-25T11:35:00+0530,193.05,193.3,167.3,169.05,200,5250
2021-08-25T11:40:00+0530,171.95,171.95,164.6,164.85,250,5350
2021-08-25T11:45:00+0530,164.85,172.85,163.75,170.4,450,5450
2021-08-25T11:50:00+0530,170.4,171.95,169.95,170.6,150,5375
2021-08-25T11:55:00+0530,170.6,170.6,170.6,170.6,150,5375
2021-08-25T12:00:00+0530,170.6,174.55,170.6,174.55,0,5475
2021-08-25T12:05:00+0530,174.55,176.7,173.5,173.5,75,5425
2021-08-25T12:10:00+0530,173.5,176.2,173.5,176.2,275,5400
2021-08-25T12:15:00+0530,176.2,176.2,174.2,174.2,25,5625
2021-08-25T12:20:00+0530,174.2,174.65,174.2,174.65,25,5525
2021-08-25T12:25:00+0530,174.65,188.85,174.65,180.95,200,5525
2021-08-25T12:30:00+0530,180.95,181.7,176.45,181.7,25,5550
2021-08-25T12:35:00+0530,181.7,181.7,181.7,181.7,50,5550
2021-08-25T12:40:00+0530,176.1,179,175.95,178.05,150,5525
2021-08-25T12:45:00+0530,178.3,178.6,174.25,178.25,200,5525
2021-08-25T12:50:00+0530,177.05,186.3,168.15,168.15,525,5525
2021-08-25T12:55:00+0530,168.15,168.15,168.15,168.15,0,5525
2021-08-25T13:00:00+0530,168.15,171.9,168.15,171.9,75,5600
2021-08-25T13:05:00+0530,172.85,176.35,172.85,176.35,50,5600
2021-08-25T13:10:00+0530,176.35,176.35,171.25,172.5,175,5550
2021-08-25T13:15:00+0530,175.85,175.9,171.65,173,150,5550
2021-08-25T13:20:00+0530,173,180.3,173,176.75,150,5500
2021-08-25T13:25:00+0530,176.6,184.3,176.6,184.3,100,5450
2021-08-25T13:30:00+0530,184.3,184.9,182.15,182.15,50,5475
2021-08-25T13:35:00+0530,182.15,185,177.9,177.9,75,5475
2021-08-25T13:40:00+0530,177.9,177.9,170.8,170.8,175,5475
2021-08-25T13:45:00+0530,170.8,181.55,170.8,181.55,25,5475
2021-08-25T13:50:00+0530,181.55,181.55,181.55,181.55,0,5475
2021-08-25T13:55:00+0530,181.55,181.55,181.55,181.55,0,5475
2021-08-25T14:00:00+0530,183.05,183.05,183.05,183.05,25,5475
2021-08-25T14:05:00+0530,183.05,183.05,183.05,183.05,0,5475
2021-08-25T14:10:00+0530,183.05,183.05,173.6,173.6,25,5450
2021-08-25T14:15:00+0530,171,171,171,171,150,5450
2021-08-25T14:20:00+0530,171,171,171,171,0,5475
2021-08-25T14:25:00+0530,171,171,168.65,169,250,5475
2021-08-25T14:30:00+0530,169,169.15,162.4,169.15,175,5375
2021-08-25T14:35:00+0530,169.15,169.15,169.15,169.15,0,5375
2021-08-25T14:40:00+0530,169.15,169.15,165,165,0,5350
2021-08-25T14:45:00+0530,165,170.6,159.05,159.05,1000,5150
2021-08-25T14:50:00+0530,159.05,165.15,159.05,165.15,125,5150
2021-08-25T14:55:00+0530,165.15,166.2,165.05,165.6,275,5125
2021-08-25T15:00:00+0530,165.6,165.6,165.6,165.6,0,5125
2021-08-25T15:05:00+0530,165.6,165.6,165,165,25,5200
2021-08-25T15:10:00+0530,165,165,152.9,152.9,575,5200
2021-08-25T15:15:00+0530,152.9,163.85,152.9,163.85,75,4875
2021-08-25T15:20:00+0530,163.85,163.85,162,162,25,4850
2021-08-25T15:25:00+0530,162,162,157.9,160.5,75,4825
2021-08-26T09:15:00+0530,22.4,135,22.4,135,75,4825
2021-08-26T09:20:00+0530,135,135,129.65,133.8,125,4800
2021-08-26T09:25:00+0530,131.7,131.7,131.7,131.7,25,4800
2021-08-26T09:30:00+0530,131.7,144.65,131.7,144.65,25,4825
2021-08-26T09:35:00+0530,144.65,144.65,144.65,144.65,0,4825
2021-08-26T09:40:00+0530,144.65,144.65,144.65,144.65,0,4825
2021-08-26T09:45:00+0530,144.65,144.65,144.65,144.65,0,4825
2021-08-26T09:50:00+0530,144.65,144.65,144.65,144.65,0,4825
2021-08-26T09:55:00+0530,144.65,144.65,144.35,144.35,25,4775
2021-08-26T10:00:00+0530,144.35,151.2,144.35,150.95,75,4750
2021-08-26T10:05:00+0530,150.95,150.95,150.95,150.95,0,4750
2021-08-26T10:10:00+0530,150.95,154.8,150.95,154.8,75,4750
2021-08-26T10:15:00+0530,154.8,154.8,150,150,125,4850
2021-08-26T10:20:00+0530,150,150,150,150,0,4850
2021-08-26T10:25:00+0530,150,150,144.3,144.3,50,4900
2021-08-26T10:30:00+0530,144.3,148,144.3,148,75,4900
2021-08-26T10:35:00+0530,148,148,148,148,0,4900
2021-08-26T10:40:00+0530,148,148,143.6,143.6,50,4900
2021-08-26T10:45:00+0530,145.35,145.35,143.25,143.4,100,4900
2021-08-26T10:50:00+0530,143.4,148.85,142.55,148.85,100,4850
2021-08-26T10:55:00+0530,149.25,150.8,146.65,146.65,125,4750
2021-08-26T11:00:00+0530,146.2,151.8,146.2,147.8,200,4700
2021-08-26T11:05:00+0530,147.8,152,147.8,152,50,4725
2021-08-26T11:10:00+0530,152,155.15,152,155.15,25,4775
2021-08-26T11:15:00+0530,155.15,155.15,155.15,155.15,0,4775
2021-08-26T11:20:00+0530,155.15,155.15,149.95,149.95,75,4800
2021-08-26T11:25:00+0530,149.95,154.1,148.75,154.1,50,4825
2021-08-26T11:30:00+0530,154.1,170.3,143.75,143.75,225,4875
2021-08-26T11:35:00+0530,143.75,169,143.75,167.3,100,4900
2021-08-26T11:40:00+0530,167.3,167.7,166.05,166.05,25,4875
2021-08-26T11:45:00+0530,166.05,178.05,166.05,178.05,225,4850
2021-08-26T11:50:00+0530,178.05,178.05,177.8,177.8,0,4875
2021-08-26T11:55:00+0530,177.8,177.8,173.4,173.4,100,4900
2021-08-26T12:00:00+0530,172.15,178,172.15,178,50,4850
2021-08-26T12:05:00+0530,178,178,167.75,172.1,25,4850
2021-08-26T12:10:00+0530,172.1,184.1,172.1,174.45,200,4825
2021-08-26T12:15:00+0530,174.45,174.45,174.45,174.45,25,4825
2021-08-26T12:20:00+0530,170.65,170.65,170.65,170.65,25,4825
2021-08-26T12:25:00+0530,170.65,170.65,148,160,75,4825
2021-08-26T12:30:00+0530,160,165.35,143.5,143.5,200,4975
2021-08-26T12:35:00+0530,143.5,162.5,143.5,162.5,50,4975
2021-08-26T12:40:00+0530,162.5,162.5,162.5,162.5,0,4975
2021-08-26T12:45:00+0530,162.5,162.5,157.3,157.3,50,4950
2021-08-26T12:50:00+0530,157.3,157.3,146.3,146.3,50,4950
2021-08-26T12:55:00+0530,146.3,146.3,146.3,146.3,0,4950
2021-08-26T13:00:00+0530,146.3,176.75,146.3,163.9,175,4875
2021-08-26T13:05:00+0530,163.9,163.9,163.9,163.9,0,4875
2021-08-26T13:10:00+0530,163.9,163.9,163.9,163.9,0,4875
2021-08-26T13:15:00+0530,163.9,165,157.2,165,100,4825
2021-08-26T13:20:00+0530,165,165,165,165,0,4825
2021-08-26T13:25:00+0530,165,167.05,163.75,167.05,125,4750
2021-08-26T13:30:00+0530,167.25,167.3,159.45,159.45,175,4750
2021-08-26T13:35:00+0530,159.45,161.7,156.05,157.3,325,4750
2021-08-26T13:40:00+0530,157.3,162.95,155.05,158.35,150,4750
2021-08-26T13:45:00+0530,158.35,160.4,155.15,157.45,375,4700
2021-08-26T13:50:00+0530,157.45,157.8,155.85,157.8,75,4650
2021-08-26T13:55:00+0530,157.8,157.8,157.8,157.8,0,4650
2021-08-26T14:00:00+0530,157.8,172.7,157.8,172.7,425,4550
2021-08-26T14:05:00+0530,172.7,172.7,169.4,171,250,4625
2021-08-26T14:10:00+0530,171.75,171.9,163.4,163.4,225,4950
2021-08-26T14:15:00+0530,163.4,171.05,163.4,166.85,75,4925
2021-08-26T14:20:00+0530,166.85,166.85,161.9,161.9,75,4950
2021-08-26T14:25:00+0530,156.75,156.75,153.05,155.45,300,5175
2021-08-26T14:30:00+0530,155.45,155.45,150,150,25,5300
2021-08-26T14:35:00+0530,150,150,144.9,144.9,25,5325
2021-08-26T14:40:00+0530,144.9,145.7,143,144.6,400,5325
2021-08-26T14:45:00+0530,144.6,149.75,142.4,149.35,125,5300
2021-08-26T14:50:00+0530,149.35,149.35,143.05,145.55,175,5250
2021-08-26T14:55:00+0530,145.55,145.7,139.65,141.1,450,5200
2021-08-26T15:00:00+0530,140.4,140.4,136.4,138.65,175,5075
2021-08-26T15:05:00+0530,138.65,138.65,127.2,133.15,2050,6200
2021-08-26T15:10:00+0530,138.5,138.5,128.85,131.85,850,6350
2021-08-26T15:15:00+0530,139.4,141.1,132.4,132.4,475,6350
2021-08-26T15:20:00+0530,132.4,141.15,130.05,130.05,200,6475
2021-08-26T15:25:00+0530,130.05,130.85,98.75,100.75,875,6775
2021-08-27T09:15:00+0530,127.15,129.15,110,113.85,125,7050
2021-08-27T09:20:00+0530,117.45,121.55,111.05,111.05,825,7275
2021-08-27T09:25:00+0530,112.65,112.95,99.05,99.1,2375,8350
2021-08-27T09:30:00+0530,97.75,101.65,95.5,96,725,8175
2021-08-27T09:35:00+0530,96,100.95,94.5,95.3,1425,7975
2021-08-27T09:40:00+0530,95.1,99.85,94.85,96.15,625,7200
2021-08-27T09:45:00+0530,96.15,101.15,96.05,99.45,275,7575
2021-08-27T09:50:00+0530,99.45,102.55,99.45,102.55,125,7575
2021-08-27T09:55:00+0530,102.55,102.55,102.55,102.55,0,7575
2021-08-27T10:00:00+0530,102.55,102.55,94.9,100.25,1450,7600
2021-08-27T10:05:00+0530,100.25,100.25,97.85,99,350,8650
2021-08-27T10:10:00+0530,98.95,98.95,96.5,97,675,8700
2021-08-27T10:15:00+0530,101.45,104.65,99.55,99.55,500,9425
2021-08-27T10:20:00+0530,98.8,101,98.8,100,150,9500
2021-08-27T10:25:00+0530,100,102.95,100,100.5,50,9500
2021-08-27T10:30:00+0530,100.5,109.35,100.5,102.95,800,9650
2021-08-27T10:35:00+0530,102.95,107.5,101.2,102.2,1000,9850
2021-08-27T10:40:00+0530,102.2,103.15,99.75,102.25,175,10300
2021-08-27T10:45:00+0530,102.25,105,102.25,104.1,200,10300
2021-08-27T10:50:00+0530,104.1,104.1,96.15,97.85,75,10400
2021-08-27T10:55:00+0530,97.85,100.4,96.35,96.35,225,10425
2021-08-27T11:00:00+0530,96.35,98,96.35,98,25,10525
2021-08-27T11:05:00+0530,98,98,97,97,50,10475
2021-08-27T11:10:00+0530,97,101.15,97,101.15,50,10475
2021-08-27T11:15:00+0530,101.15,104.6,101.15,104.15,250,10525
2021-08-27T11:20:00+0530,104.15,107,102.45,102.85,150,10575
2021-08-27T11:25:00+0530,102.85,102.85,102.85,102.85,0,10575
2021-08-27T11:30:00+0530,102.85,103.45,101.9,103.45,175,10625
2021-08-27T11:35:00+0530,103.45,118.15,103.45,118.15,500,10825
2021-08-27T11:40:00+0530,118.15,120.45,116.6,120.45,525,10750
2021-08-27T11:45:00+0530,124.5,124.5,115.9,116.25,450,10775
2021-08-27T11:50:00+0530,116.25,116.25,116.25,116.25,25,10775
2021-08-27T11:55:00+0530,120.25,123.75,116.25,118.4,1000,10775
2021-08-27T12:00:00+0530,118.4,121.6,116.95,116.95,150,11350
2021-08-27T12:05:00+0530,116.95,118.3,114.8,114.8,125,11350
2021-08-27T12:10:00+0530,110.45,114,110.45,114,75,11400
2021-08-27T12:15:00+0530,114,114,104,104,50,11400
2021-08-27T12:20:00+0530,104,107.25,104,107.25,175,11375
2021-08-27T12:25:00+0530,107.25,107.25,107.25,107.25,0,11375
2021-08-27T12:30:00+0530,107.25,114.85,107.25,114.85,250,11300
2021-08-27T12:35:00+0530,116,118,113,118,550,11275
2021-08-27T12:40:00+0530,116,116,114.45,115,1275,11350
2021-08-27T12:45:00+0530,109.5,111.95,107.35,108.8,3350,13600
2021-08-27T12:50:00+0530,108.8,112.4,108.8,110.25,300,13600
2021-08-27T12:55:00+0530,110.25,116.5,110.25,113.15,475,13950
2021-08-27T13:00:00+0530,115.5,115.5,112,112,125,14150
2021-08-27T13:05:00+0530,112,112.35,107.65,112,700,13650
2021-08-27T13:10:00+0530,112,112,110.1,111.65,125,13675
2021-08-27T13:15:00+0530,111.65,113.5,108.3,113.5,100,13625
2021-08-27T13:20:00+0530,113.5,113.75,111.7,113.75,400,13675
2021-08-27T13:25:00+0530,113.75,113.75,111.05,112.15,225,13700
2021-08-27T13:30:00+0530,112.15,114.2,111.3,114.2,250,13825
2021-08-27T13:35:00+0530,114.2,114.2,94.75,103.6,2225,13850
2021-08-27T13:40:00+0530,104.5,108,104.15,106.4,250,13400
2021-08-27T13:45:00+0530,106.4,110,106.4,110,25,13500
2021-08-27T13:50:00+0530,110,111.75,104.45,104.45,175,13550
2021-08-27T13:55:00+0530,104.95,107.35,104.95,107.35,1525,13575
2021-08-27T14:00:00+0530,107.35,108.3,106.7,106.7,100,13575
2021-08-27T14:05:00+0530,106.7,106.7,102.05,104.15,225,13675
2021-08-27T14:10:00+0530,107.6,108.65,107.25,107.25,625,14025
2021-08-27T14:15:00+0530,107.25,109.95,106.6,109.7,525,14250
2021-08-27T14:20:00+0530,109.7,122.5,109.7,120.7,550,14275
2021-08-27T14:25:00+0530,120.7,120.7,115.4,115.4,1825,14525
2021-08-27T14:30:00+0530,115.4,123,115.4,122.4,725,14350
2021-08-27T14:35:00+0530,122.4,128.45,109.2,110,775,14250
2021-08-27T14:40:00+0530,114.4,117.35,112.8,117.05,650,14300
2021-08-27T14:45:00+0530,117.05,118,113.6,114.7,625,14475
2021-08-27T14:50:00+0530,113.75,114,109.65,111.95,450,15100
2021-08-27T14:55:00+0530,110.5,114.25,110.5,112.35,725,15200
2021-08-27T15:00:00+0530,112.35,115.2,111.95,113,325,15750
2021-08-27T15:05:00+0530,112.2,115,111.45,115,425,15975
2021-08-27T15:10:00+0530,113.15,114.45,111.55,112.8,1925,16300
2021-08-27T15:15:00+0530,112.4,113.35,110.6,110.85,1200,17350
2021-08-27T15:20:00+0530,110.4,111.05,108.7,109,2475,17050
2021-08-27T15:25:00+0530,109,112.8,108.45,112.7,2225,17625
2021-08-30T09:15:00+0530,143.45,145.5,127.6,132.2,2675,17150
2021-08-30T09:20:00+0530,132.2,135,127,129.75,2025,17350
2021-08-30T09:25:00+0530,130.05,133.3,119.3,122.05,1475,18225
2021-08-30T09:30:00+0530,121.45,123,117.5,122,800,17650
2021-08-30T09:35:00+0530,122,134.35,119.8,134.35,1800,18125
2021-08-30T09:40:00+0530,134.35,141.5,134.35,136.5,950,17625
2021-08-30T09:45:00+0530,136.5,143.85,136.5,139.9,2925,18525
2021-08-30T09:50:00+0530,139.9,143.45,138.4,142.8,1500,19575
2021-08-30T09:55:00+0530,142.8,167.95,142.8,167.95,6175,19075
2021-08-30T10:00:00+0530,169.6,174.7,165.5,169.15,1925,19725
2021-08-30T10:05:00+0530,173.95,179.3,170,179.05,275,19350
2021-08-30T10:10:00+0530,180,180,165.45,168.9,900,19550
2021-08-30T10:15:00+0530,168.9,171.95,165.6,165.6,725,19875
2021-08-30T10:20:00+0530,165.6,196.5,165.6,196.4,900,19650
2021-08-30T10:25:00+0530,197.35,197.45,191.05,191.4,3725,20200
2021-08-30T10:30:00+0530,191.4,220.3,191.4,219.05,4850,20250
2021-08-30T10:35:00+0530,219.05,235,213,232.7,2650,20800
2021-08-30T10:40:00+0530,232.7,244.7,232.7,244.7,2750,20950
2021-08-30T10:45:00+0530,244.7,244.7,212.55,215.9,2875,21275
2021-08-30T10:50:00+0530,215.9,226.8,215.9,220.25,5400,22650
2021-08-30T10:55:00+0530,220.25,224.3,205.65,205.65,2575,22525
2021-08-30T11:00:00+0530,205.65,212.7,202.9,211.95,3800,21600
2021-08-30T11:05:00+0530,211.95,215.45,211.25,211.25,550,21950
2021-08-30T11:10:00+0530,211.25,217.45,206.9,214.75,525,21900
2021-08-30T11:15:00+0530,212.95,214,206.75,208.1,250,21875
2021-08-30T11:20:00+0530,208.1,208.4,197.35,200,400,21900
2021-08-30T11:25:00+0530,200,200,197.85,200,225,21900
2021-08-30T11:30:00+0530,200,200,196.9,196.9,50,21925
2021-08-30T11:35:00+0530,196.9,207.05,196.9,206.85,675,22025
2021-08-30T11:40:00+0530,206.85,206.85,196.3,199.85,275,22100
2021-08-30T11:45:00+0530,199.85,206.1,197.75,197.75,400,22175
2021-08-30T11:50:00+0530,197.75,205.4,197.75,205.4,100,22175
2021-08-30T11:55:00+0530,205.4,205.4,198.75,198.75,350,22175
2021-08-30T12:00:00+0530,198.75,212.8,198.75,212.65,450,22375
2021-08-30T12:05:00+0530,211.95,217,211.95,215,1375,22700
2021-08-30T12:10:00+0530,215,215,207.25,210.6,300,22600
2021-08-30T12:15:00+0530,210.6,212.5,210.6,212.5,75,22275
2021-08-30T12:20:00+0530,212.5,212.65,204.35,204.35,125,22275
2021-08-30T12:25:00+0530,204.35,205.8,199.65,199.65,300,22275
2021-08-30T12:30:00+0530,198,206.2,198,204.4,900,22525
2021-08-30T12:35:00+0530,204.4,209.7,204.4,209.7,325,22525
2021-08-30T12:40:00+0530,209.7,216.55,209.7,216.55,1375,22775
2021-08-30T12:45:00+0530,216.55,221,211.55,214,700,23225
2021-08-30T12:50:00+0530,214,214,209,211.55,1075,23350
2021-08-30T12:55:00+0530,212.5,214.55,206.55,214.55,300,23050
2021-08-30T13:00:00+0530,214.55,218.6,211.6,218.6,1525,23550
2021-08-30T13:05:00+0530,218.6,221,213.55,217.8,550,23650
2021-08-30T13:10:00+0530,217.8,221.7,217.55,220.55,925,23525
2021-08-30T13:15:00+0530,220.55,223.35,216.8,216.8,200,23500
2021-08-30T13:20:00+0530,216.8,227.8,216.8,227.25,350,23500
2021-08-30T13:25:00+0530,227.25,235,227.25,235,1075,23475
2021-08-30T13:30:00+0530,235,244.4,231.25,237.65,2325,23350
2021-08-30T13:35:00+0530,236.5,244.4,230,244.4,3250,24625
2021-08-30T13:40:00+0530,244.4,244.4,223.65,226.2,600,23500
2021-08-30T13:45:00+0530,226.2,236.85,216.45,236.85,1300,23625
2021-08-30T13:50:00+0530,236.85,241.2,234.3,241.2,1575,23450
2021-08-30T13:55:00+0530,241.2,253.8,240.85,241.9,1000,23275
2021-08-30T14:00:00+0530,241.9,248.3,241,247.45,1450,22850
2021-08-30T14:05:00+0530,247.45,282.6,247.45,281.65,3500,23700
2021-08-30T14:10:00+0530,282,303.65,276.4,303.65,17275,25350
2021-08-30T14:15:00+0530,303.65,323.75,297.25,319.15,31850,29975
2021-08-30T14:20:00+0530,319.15,338.65,311.1,336.7,2825,28700
2021-08-30T14:25:00+0530,336.7,338,315.35,326.4,4200,29225
2021-08-30T14:30:00+0530,326.4,326.4,311.7,323.95,925,28625
2021-08-30T14:35:00+0530,323.95,345,310.65,345,2150,28550
2021-08-30T14:40:00+0530,345,360,342.2,354.8,5150,28100
2021-08-30T14:45:00+0530,354.8,356.25,330,333.95,3550,27025
2021-08-30T14:50:00+0530,333.95,335,316.75,325.9,1650,26950
2021-08-30T14:55:00+0530,325.9,334,319.35,333.1,700,26375
2021-08-30T15:00:00+0530,333.1,335.95,302.1,306.65,3325,26600
2021-08-30T15:05:00+0530,306.65,323.15,306.65,316,1875,27425
2021-08-30T15:10:00+0530,316,328.65,309.45,327.9,3850,27575
2021-08-30T15:15:00+0530,327.9,353.1,327.9,347.25,5100,28500
2021-08-30T15:20:00+0530,347.05,359.7,341.95,354.2,7150,27225
2021-08-30T15:25:00+0530,354.2,375.9,351.75,366.05,7075,25250
2021-08-31T09:15:00+0530,350.05,365.95,309.55,320,6450,25650
2021-08-31T09:20:00+0530,320,410.55,300,409,10750,26900
2021-08-31T09:25:00+0530,409,423.75,382.55,400,8125,27575
2021-08-31T09:30:00+0530,398.35,400,296,326,8175,27250
2021-08-31T09:35:00+0530,326,346.25,307.35,310.85,3375,27125
2021-08-31T09:40:00+0530,310.85,331.95,308.35,308.35,4125,27625
2021-08-31T09:45:00+0530,308.35,326.8,308.3,315,1575,27975
2021-08-31T09:50:00+0530,315,348.2,313.35,337,2725,28350
2021-08-31T09:55:00+0530,337,341.35,325.15,325.15,1900,28850
2021-08-31T10:00:00+0530,325.15,325.15,309,309,800,29275
2021-08-31T10:05:00+0530,309,334.95,303.75,333.8,1550,29275
2021-08-31T10:10:00+0530,333.8,335.2,323.05,324.5,1225,29850
2021-08-31T10:15:00+0530,324.5,336.25,320.6,320.6,1625,30100
2021-08-31T10:20:00+0530,320.6,324.4,317.35,320.35,650,30200
2021-08-31T10:25:00+0530,320.35,325.3,319.5,320,200,30325
2021-08-31T10:30:00+0530,320,392.1,320,375.9,6450,30450
2021-08-31T10:35:00+0530,375.9,386,364.6,380.1,3350,30950
2021-08-31T10:40:00+0530,383.5,392.65,375.5,381,3175,29900
2021-08-31T10:45:00+0530,381,399,370.2,387.25,3500,30200
2021-08-31T10:50:00+0530,387.25,392,379.55,381,3575,31500
2021-08-31T10:55:00+0530,381,381,360,362.8,2000,32100
2021-08-31T11:00:00+0530,362.8,379.85,341.35,372.85,3675,31825
2021-08-31T11:05:00+0530,372.85,383.75,370.8,372.65,1550,32900
2021-08-31T11:10:00+0530,372.65,373,356.55,357,1650,32625
2021-08-31T11:15:00+0530,357,365.25,350,361,850,33250
2021-08-31T11:20:00+0530,361,362.65,354.5,355,825,33525
2021-08-31T11:25:00+0530,355,358.65,338.35,356,2325,34450
2021-08-31T11:30:00+0530,356,370.05,349.7,365.05,3250,33750
2021-08-31T11:35:00+0530,365.05,372.65,364.9,368.75,1825,33150
2021-08-31T11:40:00+0530,368.75,374.15,363.05,368.25,1875,33725
2021-08-31T11:45:00+0530,368.25,376.15,368,371.9,1175,33925
2021-08-31T11:50:00+0530,371.9,374.55,365,373,1850,34025
2021-08-31T11:55:00+0530,373,388.25,373,384.6,4925,34000
2021-08-31T12:00:00+0530,384.65,390.95,353.2,359.85,8725,37850
2021-08-31T12:05:00+0530,359.85,374.8,359.85,374.8,3225,38675
2021-08-31T12:10:00+0530,374.8,380.7,371.1,376,4725,35950
2021-08-31T12:15:00+0530,376,377.15,360.95,368,2025,36550
2021-08-31T12:20:00+0530,368,374,359.2,368.95,1000,36300
2021-08-31T12:25:00+0530,368.95,378,367.7,377.1,1500,36300
2021-08-31T12:30:00+0530,377.1,387,369,384.1,4575,36225
2021-08-31T12:35:00+0530,384.1,401.8,377,400.4,5450,36875
2021-08-31T12:40:00+0530,400.5,400.95,376.1,381.75,3950,37475
2021-08-31T12:45:00+0530,381.75,391,380.85,391,1275,36875
2021-08-31T12:50:00+0530,396.85,406.1,378.05,382.85,2600,37750
2021-08-31T12:55:00+0530,382.85,392.55,381.2,391.2,2025,37775
2021-08-31T13:00:00+0530,391.2,400,387.65,398.85,4150,39500
2021-08-31T13:05:00+0530,398.85,445,393,429.45,14750,38800
2021-08-31T13:10:00+0530,429.45,437.3,419.45,423,10175,40725
2021-08-31T13:15:00+0530,423,429.85,291.15,312.9,18075,41700
2021-08-31T13:20:00+0530,311.9,339.35,300.2,325.45,9450,42275
2021-08-31T13:25:00+0530,325.45,339.4,325.45,334.9,2900,42475
2021-08-31T13:30:00+0530,334.9,346.45,323.85,343.05,3250,40600
2021-08-31T13:35:00+0530,343.05,345,330.1,339.85,1650,40550
2021-08-31T13:40:00+0530,339.85,339.85,325,335.9,2725,40225
2021-08-31T13:45:00+0530,336.4,341.6,330.45,339.95,2200,40475
2021-08-31T13:50:00+0530,339.95,366,334.3,363.7,2725,40675
2021-08-31T13:55:00+0530,363.7,373.85,352.9,362.35,2675,40450
2021-08-31T14:00:00+0530,362.35,365,326.9,329.95,2675,40100
2021-08-31T14:05:00+0530,329.95,338.1,310.6,311.7,5175,41850
2021-08-31T14:10:00+0530,310,313.45,285,302.8,7375,41525
2021-08-31T14:15:00+0530,305,330.65,302.8,318.9,3150,40200
2021-08-31T14:20:00+0530,318.9,328.7,318.9,325.45,1425,40175
2021-08-31T14:25:00+0530,322,332.95,318.55,330.25,1375,39875
2021-08-31T14:30:00+0530,330.25,341.4,329,334.8,1900,39525
2021-08-31T14:35:00+0530,336,357,334.8,345,5925,40100
2021-08-31T14:40:00+0530,345,352,328.95,345.4,2475,40275
2021-08-31T14:45:00+0530,345.4,350.95,336.8,349.1,1425,40150
2021-08-31T14:50:00+0530,349.1,349.9,336.9,343.75,1475,40375
2021-08-31T14:55:00+0530,344.2,345.5,338.8,342,800,40600
2021-08-31T15:00:00+0530,342,352.25,340,349,3750,40350
2021-08-31T15:05:00+0530,349,354.95,340,354.4,5050,39275
2021-08-31T15:10:00+0530,354.4,364.8,348.2,353.5,6175,38400
2021-08-31T15:15:00+0530,352.45,360.5,346.55,349,6425,41850
2021-08-31T15:20:00+0530,347.55,358.1,345.65,348.6,5475,41375
2021-08-31T15:25:00+0530,348.6,350.3,335.9,340,8950,40775
2021-09-01T09:15:00+0530,379.6,431.15,362.55,404.3,30325,41850
2021-09-01T09:20:00+0530,404.3,463.8,400,456.85,31650,51750
2021-09-01T09:25:00+0530,457.9,515,452.65,513.55,37575,55250
2021-09-01T09:30:00+0530,515.65,574.95,513.5,562.65,36750,51025
2021-09-01T09:35:00+0530,557.95,566.05,528.4,553,12975,46750
2021-09-01T09:40:00+0530,553,678.4,546.15,678.4,22775,44725
2021-09-01T09:45:00+0530,677.65,695.6,625.05,680.95,21425,44825
2021-09-01T09:50:00+0530,678.25,700,657.95,690.65,12625,44075
2021-09-01T09:55:00+0530,688.75,710.95,677.35,687.6,8650,42850
2021-09-01T10:00:00+0530,687.6,717.2,680.75,716.85,5675,42950
2021-09-01T10:05:00+0530,713.55,720,696.9,717.35,5350,41500
2021-09-01T10:10:00+0530,717.35,717.35,670,682.35,5150,40800
2021-09-01T10:15:00+0530,682.35,682.85,616.35,642.1,8625,39725
2021-09-01T10:20:00+0530,642.15,660,625,633.25,2875,38875
2021-09-01T10:25:00+0530,633.25,633.25,595.05,600,8350,36725
2021-09-01T10:30:00+0530,598,607.9,570.7,589.45,6875,34250
2021-09-01T10:35:00+0530,589.45,613.7,570.75,612.3,3375,33800
2021-09-01T10:40:00+0530,612.3,630.6,608.4,621.85,1975,34250
2021-09-01T10:45:00+0530,625.65,632.25,615,620,1325,34775
2021-09-01T10:50:00+0530,620,620,580,580,3000,34800
2021-09-01T10:55:00+0530,580,580,535.05,545.05,4875,33700
2021-09-01T11:00:00+0530,540.4,565,528,535,2300,33625
2021-09-01T11:05:00+0530,535,538.5,497.55,527.45,9650,34300
2021-09-01T11:10:00+0530,524.35,531.8,500,522.25,5500,33825
2021-09-01T11:15:00+0530,523,550,523,540.6,6675,34675
2021-09-01T11:20:00+0530,540.6,540.85,490,492.9,4375,36000
2021-09-01T11:25:00+0530,492.9,492.9,472.65,486,16200,41000
2021-09-01T11:30:00+0530,483.35,498,460.4,484.6,9775,39975
2021-09-01T11:35:00+0530,484.6,502.55,476.4,476.4,4850,40625
2021-09-01T11:40:00+0530,473.35,491.1,473.35,483,5900,43200
2021-09-01T11:45:00+0530,483,493.65,481.7,492.1,4975,43600
2021-09-01T11:50:00+0530,492.1,503.1,489,492,7925,46775
2021-09-01T11:55:00+0530,492,493.25,437.65,440.95,11700,47950
2021-09-01T12:00:00+0530,440.95,479.25,436.9,477.35,16075,56200
2021-09-01T12:05:00+0530,477.35,487,458.55,461.25,7425,59425
2021-09-01T12:10:00+0530,461.25,474.35,458.35,471.55,4325,60450
2021-09-01T12:15:00+0530,471.55,471.95,442.4,446.05,7450,62075
2021-09-01T12:20:00+0530,446.05,465,431.8,464.05,12000,65450
2021-09-01T12:25:00+0530,464.05,473.4,459.35,473.4,11600,66250
2021-09-01T12:30:00+0530,473.6,479.95,465,473.15,29625,70300
2021-09-01T12:35:00+0530,473.15,477.9,464.1,465.8,4025,71775
2021-09-01T12:40:00+0530,465.8,509.85,443.1,505,17025,72575
2021-09-01T12:45:00+0530,502.8,521.2,488.2,518.4,16825,71875
2021-09-01T12:50:00+0530,521.45,526.6,508.6,514.6,9225,74550
2021-09-01T12:55:00+0530,514.6,547.8,507.85,544.9,13675,75525
2021-09-01T13:00:00+0530,545,560,535,546.3,15300,68750
2021-09-01T13:05:00+0530,546.3,546.3,524.7,530.15,4200,66650
2021-09-01T13:10:00+0530,530.15,532,513.4,516.45,4300,67250
2021-09-01T13:15:00+0530,516.45,535,513.95,535,3275,65400
2021-09-01T13:20:00+0530,535,535,476.75,491.95,8825,65800
2021-09-01T13:25:00+0530,491.95,505.65,487,498.1,5050,66100
2021-09-01T13:30:00+0530,498.1,509.95,490.05,504.05,2875,66025
2021-09-01T13:35:00+0530,504.05,505.45,493.9,502.5,875,66500
2021-09-01T13:40:00+0530,502.5,522.35,502.5,509.85,2700,66875
2021-09-01T13:45:00+0530,509.85,526,509.85,518.95,3475,66225
2021-09-01T13:50:00+0530,518.95,543.05,513.35,542.55,5125,65525
2021-09-01T13:55:00+0530,545,556.6,531.35,547.95,6400,64600
2021-09-01T14:00:00+0530,547.95,555.45,526,539.25,6525,64300
2021-09-01T14:05:00+0530,539.25,541.95,528,541.95,1250,63150
2021-09-01T14:10:00+0530,541.95,544.5,490,513.05,4850,63075
2021-09-01T14:15:00+0530,511.4,522.25,500.5,511.05,3650,63100
2021-09-01T14:20:00+0530,511.05,517.95,502,517.25,1825,62850
2021-09-01T14:25:00+0530,517.25,530.6,502.1,502.1,3600,62350
2021-09-01T14:30:00+0530,502,518.1,465.75,480.25,9050,61300
2021-09-01T14:35:00+0530,478.15,492.7,474.5,486,4150,61625
2021-09-01T14:40:00+0530,486,495.05,480,492.05,3475,61275
2021-09-01T14:45:00+0530,492.05,492.05,448.75,458.95,8675,61600
2021-09-01T14:50:00+0530,458.95,463.75,426.45,440.1,12050,63400
2021-09-01T14:55:00+0530,440.1,448,428.7,448,8975,66325
2021-09-01T15:00:00+0530,451,456.4,438,438,7600,67825
2021-09-01T15:05:00+0530,441.5,444.35,397.2,400,15850,70125
2021-09-01T15:10:00+0530,400,410.6,384,385,23550,73775
2021-09-01T15:15:00+0530,387.25,409.5,382,402.5,61250,95725
2021-09-01T15:20:00+0530,401.8,415.45,394.2,394.2,36475,106075
2021-09-01T15:25:00+0530,394.2,395.8,385,387,46150,117500
2021-09-02T09:15:00+0530,390.05,408,342.25,403.55,84975,141125
2021-09-02T09:20:00+0530,399.05,403.55,352.15,358.9,56525,156550
2021-09-02T09:25:00+0530,362.1,402.4,354.65,395.7,57200,165725
2021-09-02T09:30:00+0530,398.2,405,369.05,379,41575,171825
2021-09-02T09:35:00+0530,377,378.55,345.5,355.15,59275,183200
2021-09-02T09:40:00+0530,355.8,363.35,340,344.3,51675,203725
2021-09-02T09:45:00+0530,344.85,349.75,316,347.75,63050,206300
2021-09-02T09:50:00+0530,349.5,359.95,347.8,355.95,37750,211850
2021-09-02T09:55:00+0530,356.85,372,356.55,367.8,45475,219550
2021-09-02T10:00:00+0530,367.8,369.8,353.9,359.25,23975,223075
2021-09-02T10:05:00+0530,359.25,362,350.45,358.3,16850,227425
2021-09-02T10:10:00+0530,358,363.55,352.6,353.9,16675,228950
2021-09-02T10:15:00+0530,355.15,359.4,345,356.7,21650,230925
2021-09-02T10:20:00+0530,356.7,360,344,354.95,17800,235125
2021-09-02T10:25:00+0530,354.95,362,347,362,11525,235600
2021-09-02T10:30:00+0530,361.4,370,357.8,366.1,19400,239425
2021-09-02T10:35:00+0530,366.1,389.95,363.05,389.8,46525,240925
2021-09-02T10:40:00+0530,388.9,433,388.9,427.95,99550,225425
2021-09-02T10:45:00+0530,429.3,440,415.35,422.15,63650,225050
2021-09-02T10:50:00+0530,422.1,425,402.5,421.95,38550,227125
2021-09-02T10:55:00+0530,422.85,429.6,409.1,426.65,26625,224750
2021-09-02T11:00:00+0530,426.65,435,408.15,413.8,33000,228450
2021-09-02T11:05:00+0530,413.8,442.2,413.15,439.15,28775,228050
2021-09-02T11:10:00+0530,440.3,447.75,428.85,447.75,47325,222575
2021-09-02T11:15:00+0530,448.75,473.85,447.45,469.15,75425,211200
2021-09-02T11:20:00+0530,470,476.7,453,470.85,41825,204050
2021-09-02T11:25:00+0530,470.85,477,464.95,473.7,26875,199125
2021-09-02T11:30:00+0530,472.95,475,439.7,445.35,34625,197200
2021-09-02T11:35:00+0530,445.6,466.85,442,458.45,14750,194875
2021-09-02T11:40:00+0530,459.05,465.95,454.3,462.45,9325,193900
2021-09-02T11:45:00+0530,462.45,476.05,455.8,466.5,25200,192350
2021-09-02T11:50:00+0530,468.4,484.75,455.8,475.75,26900,190225
2021-09-02T11:55:00+0530,475.75,482.1,463.6,475,17075,188450
2021-09-02T12:00:00+0530,475,476,457.2,467.1,11500,186375
2021-09-02T12:05:00+0530,467.1,470.2,438.35,448.75,20450,185700
2021-09-02T12:10:00+0530,448.75,473.3,448.75,472.2,18100,185575
2021-09-02T12:15:00+0530,471.95,491.25,468.45,475.65,37200,177850
2021-09-02T12:20:00+0530,475.65,483.6,456.45,479.9,20425,174025
2021-09-02T12:25:00+0530,478,489.45,469.85,484.95,21700,169625
2021-09-02T12:30:00+0530,483.9,489.35,467,478.15,15775,169200
2021-09-02T12:35:00+0530,478.15,482,468.4,470,9125,166075
2021-09-02T12:40:00+0530,470,470,447.35,453.5,20500,165225
2021-09-02T12:45:00+0530,451.65,457,429.95,454.8,23100,166875
2021-09-02T12:50:00+0530,454.8,472.65,444.7,463.5,21125,166600
2021-09-02T12:55:00+0530,463.5,483.5,463.1,471.7,22075,166150
2021-09-02T13:00:00+0530,471.7,476.2,457,463.25,11350,164450
2021-09-02T13:05:00+0530,463.25,471.05,458.05,464.5,7675,162875
2021-09-02T13:10:00+0530,464.5,509.95,439.75,500.4,35000,165625
2021-09-02T13:15:00+0530,500.95,518.6,490.3,503.05,30675,157075
2021-09-02T13:20:00+0530,503.05,511.65,495,505.35,15775,155475
2021-09-02T13:25:00+0530,505.35,507.15,477.35,492,20225,151475
2021-09-02T13:30:00+0530,492,501,465.75,474.8,10150,152050
2021-09-02T13:35:00+0530,474.8,474.8,447,460.05,20050,151575
2021-09-02T13:40:00+0530,460.05,471.6,450.3,458.05,10575,151775
2021-09-02T13:45:00+0530,458.05,477.7,456.25,477.5,10875,150800
2021-09-02T13:50:00+0530,476.7,477.65,464.6,469.7,19625,153600
2021-09-02T13:55:00+0530,469.7,472.35,435.55,454,20075,156275
2021-09-02T14:00:00+0530,454.5,472.9,449.5,462,12525,154900
2021-09-02T14:05:00+0530,462,473.35,456.1,463.45,8800,155275
2021-09-02T14:10:00+0530,463.45,480,439,474.9,21200,153900
2021-09-02T14:15:00+0530,475.9,477.85,449.4,458,9900,152925
2021-09-02T14:20:00+0530,458,468.85,453,456,12650,152275
2021-09-02T14:25:00+0530,456,499.65,453.75,483.2,26475,151450
2021-09-02T14:30:00+0530,485,498,475.9,494.4,14125,151725
2021-09-02T14:35:00+0530,494.4,498.4,473.45,474.85,13125,148350
2021-09-02T14:40:00+0530,474.85,489,474.1,484,14150,146275
2021-09-02T14:45:00+0530,484.5,499.4,463,479.5,27375,140175
2021-09-02T14:50:00+0530,479.5,486,471.8,477.6,9800,139875
2021-09-02T14:55:00+0530,477.6,489,471,483.2,11600,140250
2021-09-02T15:00:00+0530,483.2,495.8,482.25,495.8,18325,131975
2021-09-02T15:05:00+0530,498.7,500,478.05,479.3,18750,132700
2021-09-02T15:10:00+0530,481,495.2,479.3,489,39050,130625
2021-09-02T15:15:00+0530,489,532.2,489,516,43925,117750
2021-09-02T15:20:00+0530,517.55,529.7,516,525.15,23625,116225
2021-09-02T15:25:00+0530,527.55,560,524.25,560,39225,112875
2021-09-03T09:15:00+0530,540,683.9,519.4,682.35,118575,118400
2021-09-03T09:20:00+0530,684.15,705,640,657,48750,114625
2021-09-03T09:25:00+0530,656.8,685.6,632.2,668,32225,110775
2021-09-03T09:30:00+0530,668,700.6,655.8,670.7,29200,106925
2021-09-03T09:35:00+0530,670.7,670.7,609,626,29975,108050
2021-09-03T09:40:00+0530,624.7,646.55,614.45,624.45,15975,105225
2021-09-03T09:45:00+0530,624.45,670,586.4,653.9,31250,105050
2021-09-03T09:50:00+0530,653.9,667.35,631,642.8,15025,103350
2021-09-03T09:55:00+0530,645.65,648.8,610.25,618.15,13550,104025
2021-09-03T10:00:00+0530,618.15,669,608.4,655.7,19275,105900
2021-09-03T10:05:00+0530,655.7,669.35,640.05,648.5,8275,107025
2021-09-03T10:10:00+0530,648.5,663.95,633.8,648.4,9450,106825
2021-09-03T10:15:00+0530,648.4,660,625.55,629.1,12350,106950
2021-09-03T10:20:00+0530,628.35,638.35,597.85,608,9175,105900
2021-09-03T10:25:00+0530,609,622,511.9,518.45,21575,110725
2021-09-03T10:30:00+0530,516,563.95,472.05,521.8,65150,115325
2021-09-03T10:35:00+0530,520,540,504,504.65,26675,126000
2021-09-03T10:40:00+0530,504.65,504.65,429.2,429.2,71225,139450
2021-09-03T10:45:00+0530,429.1,480,424.15,474.85,85250,136800
2021-09-03T10:50:00+0530,473.5,499.05,462,481.05,30125,139500
2021-09-03T10:55:00+0530,482.25,509.15,478.45,485.7,21975,136850
2021-09-03T11:00:00+0530,485.7,485.7,453.7,463.85,37125,135450
2021-09-03T11:05:00+0530,463.85,476.95,445.45,450,27950,136375
2021-09-03T11:10:00+0530,448.95,462.3,433.1,452.95,47150,145975
2021-09-03T11:15:00+0530,452.65,477.7,444.45,470.15,32625,145875
2021-09-03T11:20:00+0530,466.85,474,449.95,459.15,23475,151750
2021-09-03T11:25:00+0530,459.15,459.15,398.4,412.15,79375,156500
2021-09-03T11:30:00+0530,413.5,424.7,400.4,408.3,53425,160500
2021-09-03T11:35:00+0530,407.7,411.45,365.95,376.6,148300,186525
2021-09-03T11:40:00+0530,376.65,396,374,390.55,136300,206250
2021-09-03T11:45:00+0530,389.35,404,374.25,397,132125,214275
2021-09-03T11:50:00+0530,395.95,429.8,389.45,428.5,118875,215450
2021-09-03T11:55:00+0530,427.3,442.9,418.95,433,101550,209125
2021-09-03T12:00:00+0530,433,451.35,430,431.45,73525,209200
2021-09-03T12:05:00+0530,432.65,460,420,441.45,75975,211900
2021-09-03T12:10:00+0530,441.35,447.7,429.05,440.55,56300,219725
2021-09-03T12:15:00+0530,442.5,451.95,436.65,447.65,48750,225600
2021-09-03T12:20:00+0530,446.8,450,424,425.9,47525,224400
2021-09-03T12:25:00+0530,427,442.5,421,437.6,45725,221950
2021-09-03T12:30:00+0530,440,443.4,430,430.05,42550,222825
2021-09-03T12:35:00+0530,432.8,438.05,402,414.1,78250,220875
2021-09-03T12:40:00+0530,412.6,416.35,392.6,396.3,66600,220000
2021-09-03T12:45:00+0530,394.9,413.65,385.9,409.25,59150,221950
2021-09-03T12:50:00+0530,409.25,419.95,405,413.85,49000,223200
2021-09-03T12:55:00+0530,415,428.9,411,422.05,38650,224300
2021-09-03T13:00:00+0530,424,424.85,400.55,412.4,42975,224375
2021-09-03T13:05:00+0530,412.35,433.5,402.2,425.6,55025,223050
2021-09-03T13:10:00+0530,426,471.7,425.95,456.9,141500,214475
2021-09-03T13:15:00+0530,459.15,479.95,450,465,68125,209225
2021-09-03T13:20:00+0530,465,466,436.65,450.1,42225,204875
2021-09-03T13:25:00+0530,451.3,458.75,432.05,452.55,36100,207100
2021-09-03T13:30:00+0530,452.55,454.85,411.35,413.45,68900,207250
2021-09-03T13:35:00+0530,405.9,432.95,405.4,426.5,49800,210625
2021-09-03T13:40:00+0530,428,455.95,426.5,437.85,54725,207175
2021-09-03T13:45:00+0530,437.85,442.6,424.4,434.95,26725,207725
2021-09-03T13:50:00+0530,433.15,434.95,394.2,414.1,77475,209625
2021-09-03T13:55:00+0530,413.25,416,396.9,404.9,41250,210300
2021-09-03T14:00:00+0530,405.15,407.8,326.95,328.9,294350,231925
2021-09-03T14:05:00+0530,327,350.4,317.25,345.15,450775,365525
2021-09-03T14:10:00+0530,345.2,363.95,345.2,359,248825,340025
2021-09-03T14:15:00+0530,358.9,372.4,351.55,360,161700,314950
2021-09-03T14:20:00+0530,362,365,350.4,354,119150,324525
2021-09-03T14:25:00+0530,354.6,372.85,338.85,372.85,189600,336700
2021-09-03T14:30:00+0530,371.95,386.8,358.1,368.5,186975,329050
2021-09-03T14:35:00+0530,368.65,376,356,365.95,128775,329550
2021-09-03T14:40:00+0530,366.4,371.8,356.2,356.2,92175,323700
2021-09-03T14:45:00+0530,356.4,380,351.15,366.5,172800,310200
2021-09-03T14:50:00+0530,365.1,375,362.45,372.3,91300,315325
2021-09-03T14:55:00+0530,371.5,373.7,355.45,369.9,155625,320775
2021-09-03T15:00:00+0530,372.5,406.3,371.95,406,246500,288825
2021-09-03T15:05:00+0530,404.1,408,382.8,396,149525,289475
2021-09-03T15:10:00+0530,397.35,412.85,396,409.4,136550,276725
2021-09-03T15:15:00+0530,410.45,420.4,402.3,415.5,125125,263475
2021-09-03T15:20:00+0530,416.15,468.45,415,465.4,157400,222100
2021-09-03T15:25:00+0530,465,467.75,433,434.3,111075,205525
2021-09-06T09:15:00+0530,474.95,511.95,461.55,473.6,307425,203325
2021-09-06T09:20:00+0530,478.5,483.05,360.1,385.5,348550,273775
2021-09-06T09:25:00+0530,386.65,417.8,347.45,417.8,211050,299175
2021-09-06T09:30:00+0530,417.55,459.8,397.4,448,221350,287950
2021-09-06T09:35:00+0530,447.45,448.5,405,409,124350,283075
2021-09-06T09:40:00+0530,407.35,414.9,374.05,376.2,123425,285175
2021-09-06T09:45:00+0530,375,388.3,359.4,379.2,108175,285000
2021-09-06T09:50:00+0530,379.45,393.6,328.7,330.05,142850,299275
2021-09-06T09:55:00+0530,334.3,349,325.75,345.55,137025,337600
2021-09-06T10:00:00+0530,346.65,370.55,335.65,348.85,147050,336925
2021-09-06T10:05:00+0530,345,360,335.2,337.15,79575,351700
2021-09-06T10:10:00+0530,336.75,351,327.7,345,105850,364725
2021-09-06T10:15:00+0530,345,354,333.3,335.3,90350,369825
2021-09-06T10:20:00+0530,334.95,345.55,303.7,317.15,193600,387400
2021-09-06T10:25:00+0530,315.85,344.65,308.75,323.05,219300,415325
2021-09-06T10:30:00+0530,322.6,326.55,295.55,311,352675,463750
2021-09-06T10:35:00+0530,308.95,333.05,305.1,322.5,304075,534525
2021-09-06T10:40:00+0530,322,326.1,311.05,318.75,135550,553475
2021-09-06T10:45:00+0530,317.3,329.4,306.35,310.4,167575,562150
2021-09-06T10:50:00+0530,311.5,328.25,302.15,323.7,217225,585500
2021-09-06T10:55:00+0530,323.7,341.85,314,325.85,317300,630325
2021-09-06T11:00:00+0530,324.35,350.1,323,348.35,260950,639750
2021-09-06T11:05:00+0530,347.1,352.35,332,334.9,272150,611950
2021-09-06T11:10:00+0530,335.65,347.25,318.05,321.8,185025,615450
2021-09-06T11:15:00+0530,320.35,333,317.05,329.45,132250,623775
2021-09-06T11:20:00+0530,329.05,345.1,327.7,338.3,164425,632800
2021-09-06T11:25:00+0530,337.1,345,327.5,339.65,151900,633675
2021-09-06T11:30:00+0530,339.9,339.9,309.5,313.1,192825,630700
2021-09-06T11:35:00+0530,312.65,325.85,302,303.75,146050,621550
2021-09-06T11:40:00+0530,302.65,325,300,314.35,170225,634650
2021-09-06T11:45:00+0530,313.8,335.1,313.5,334.65,129100,642425
2021-09-06T11:50:00+0530,334.45,355,334.2,342.7,309125,629225
2021-09-06T11:55:00+0530,342,350.95,336,336,114450,622975
2021-09-06T12:00:00+0530,336.55,352,321,334.8,180125,618725
2021-09-06T12:05:00+0530,335.55,347.1,316.25,341.4,159975,614650
2021-09-06T12:10:00+0530,341.35,346.95,330,331.65,118250,621200
2021-09-06T12:15:00+0530,331.6,343,322.5,338,79325,625750
2021-09-06T12:20:00+0530,338.85,341,322,325.3,84375,634725
2021-09-06T12:25:00+0530,325.3,344.1,316.85,342.45,131675,638350
2021-09-06T12:30:00+0530,343.65,350.8,322,345.95,188100,640850
2021-09-06T12:35:00+0530,347.05,352,330.65,340.95,136000,646900
2021-09-06T12:40:00+0530,340.5,383.1,335,370.8,456450,645675
2021-09-06T12:45:00+0530,371.7,373.8,357.25,369.8,159350,622700
2021-09-06T12:50:00+0530,369.3,374.85,351.6,357.3,161200,621100
2021-09-06T12:55:00+0530,357.15,363,331,342.55,229250,628675
2021-09-06T13:00:00+0530,342.4,364.1,335,358.75,157775,618025
2021-09-06T13:05:00+0530,358.65,366.45,353.25,356.3,111125,610125
2021-09-06T13:10:00+0530,356.3,363,350,352,67700,610875
2021-09-06T13:15:00+0530,351.75,378.25,322.65,323.45,203975,606700
2021-09-06T13:20:00+0530,324.25,344.1,317.4,340.6,198425,601225
2021-09-06T13:25:00+0530,339.65,354.3,338.35,345.75,87350,595575
2021-09-06T13:30:00+0530,345.85,351.45,335.25,343.85,67925,600075
2021-09-06T13:35:00+0530,342.95,352,334,339.2,100900,603500
2021-09-06T13:40:00+0530,339.75,348.75,339,342.65,66175,598850
2021-09-06T13:45:00+0530,342,346.85,315,323.75,199700,608875
2021-09-06T13:50:00+0530,323.7,332.55,320.65,323,109750,624925
2021-09-06T13:55:00+0530,322.9,325.2,301.95,303.8,190575,632525
2021-09-06T14:00:00+0530,304.2,329.15,302.1,327.15,203125,645725
2021-09-06T14:05:00+0530,326.35,332.65,322,327.65,122250,642525
2021-09-06T14:10:00+0530,328.75,331.8,311.2,314.95,133050,636700
2021-09-06T14:15:00+0530,314.15,321.05,291,311.05,260075,659375
2021-09-06T14:20:00+0530,309,319.9,298,309.05,218250,686425
2021-09-06T14:25:00+0530,307.75,310.3,296.45,299.15,146750,696550
2021-09-06T14:30:00+0530,298.85,318.45,297.8,315.85,220525,705025
2021-09-06T14:35:00+0530,314,314.9,302.8,308.8,146675,710075
2021-09-06T14:40:00+0530,308.15,309,286.25,287.35,235250,712775
2021-09-06T14:45:00+0530,288.8,304.85,276.5,285.5,382100,749950
2021-09-06T14:50:00+0530,285.35,299.75,285.15,298.15,252650,755750
2021-09-06T14:55:00+0530,298.9,313.4,291.65,301.25,303175,743475
2021-09-06T15:00:00+0530,304.8,309.9,292.25,302.95,261100,745800
2021-09-06T15:05:00+0530,301.95,305,290,293,238250,768850
2021-09-06T15:10:00+0530,294.9,304.95,293.15,299,225575,751750
2021-09-06T15:15:00+0530,299.1,306,293.2,302.95,247750,728000
2021-09-06T15:20:00+0530,303.35,330,302.8,322,408850,621975
2021-09-06T15:25:00+0530,322.5,322.5,290,293.35,330850,611050
2021-09-07T09:15:00+0530,295.05,295.1,187.65,223.5,1220950,791400
2021-09-07T09:20:00+0530,227.95,234.25,181.1,182.4,1018150,999050
2021-09-07T09:25:00+0530,181.25,194.6,178.9,181.45,663625,1156700
2021-09-07T09:30:00+0530,178.75,180.7,153.55,166.25,882250,1209650
2021-09-07T09:35:00+0530,166.7,174,156.3,157.2,452500,1291225
2021-09-07T09:40:00+0530,156.95,168.55,153.35,161.8,278750,1318850
2021-09-07T09:45:00+0530,162.7,166.8,156,160.35,283975,1332875
2021-09-07T09:50:00+0530,160,167.35,158.45,164.75,179500,1354850
2021-09-07T09:55:00+0530,164.2,172.8,146.75,150.1,449925,1349625
2021-09-07T10:00:00+0530,150.6,152.25,117.9,119.75,787675,1332950
2021-09-07T10:05:00+0530,118.65,119.85,111,112.95,595575,1333050
2021-09-07T10:10:00+0530,112.1,117.3,109.2,112.5,341450,1328400
2021-09-07T10:15:00+0530,112.45,112.55,98,104.5,653575,1331250
2021-09-07T10:20:00+0530,104.15,106.9,102.35,104.9,263100,1309950
2021-09-07T10:25:00+0530,105.2,111.3,104.35,110.2,217025,1322650
2021-09-07T10:30:00+0530,110.7,114.7,103.3,112.45,242400,1300250
2021-09-07T10:35:00+0530,112,118.25,109.75,110.7,237875,1288775
2021-09-07T10:40:00+0530,110.7,122.8,110.1,121.6,193150,1277125
2021-09-07T10:45:00+0530,121.4,127.15,118.55,123.05,243675,1262100
2021-09-07T10:50:00+0530,122.8,125.3,118.3,119.4,254150,1273775
2021-09-07T10:55:00+0530,119.6,124.25,115,121.25,205925,1246475
2021-09-07T11:00:00+0530,121.3,128.1,119.7,123.4,218975,1235700
2021-09-07T11:05:00+0530,123.15,127.5,118.75,124.45,145175,1225125
2021-09-07T11:10:00+0530,124.45,125.95,121.05,124.4,114700,1217875
2021-09-07T11:15:00+0530,124.2,129.5,116.2,116.8,192425,1219525
2021-09-07T11:20:00+0530,117,121.45,116.6,119.45,118450,1221325
2021-09-07T11:25:00+0530,119.2,132.3,118.65,127.85,301250,1224150
2021-09-07T11:30:00+0530,128.1,142.5,127.1,134.4,472525,1204350
2021-09-07T11:35:00+0530,134.55,134.55,124.2,132,162325,1207125
2021-09-07T11:40:00+0530,131.8,133.05,120.65,121.95,152100,1204525
2021-09-07T11:45:00+0530,122.35,125.6,114.55,116.05,177075,1216950
2021-09-07T11:50:00+0530,116.3,133.6,114.45,133.45,212225,1207300
2021-09-07T11:55:00+0530,133.2,146.6,129,142,325750,1191675
2021-09-07T12:00:00+0530,142.1,146.25,133.6,139.15,320525,1172450
2021-09-07T12:05:00+0530,139.1,186,138.4,177.05,535325,1184300
2021-09-07T12:10:00+0530,182.5,200.7,172.75,198.95,935825,1101500
2021-09-07T12:15:00+0530,203.75,249.05,201.1,218.5,1377500,1095150
2021-09-07T12:20:00+0530,218.3,233,213,219,530950,1177775
2021-09-07T12:25:00+0530,216.9,229.75,196.6,229.2,701050,1185750
2021-09-07T12:30:00+0530,226.65,239.2,212,237.55,711375,1177700
2021-09-07T12:35:00+0530,238.45,264.75,235.7,256.5,1204950,1173525
2021-09-07T12:40:00+0530,257.85,263.2,237.6,245.55,630500,1192450
2021-09-07T12:45:00+0530,245.8,294.9,229.45,293.45,1004975,1185375
2021-09-07T12:50:00+0530,291.7,299.6,272.8,274.05,721700,1101525
2021-09-07T12:55:00+0530,274.4,276.35,241,245,600475,1111675
2021-09-07T13:00:00+0530,245.3,248,220.15,233.35,614575,1167600
2021-09-07T13:05:00+0530,234.15,253.65,232.6,242.75,528800,1208775
2021-09-07T13:10:00+0530,244.55,246.6,226.5,231,278100,1224825
2021-09-07T13:15:00+0530,230.3,259.65,230.3,246.15,505275,1227900
2021-09-07T13:20:00+0530,245,256,230.55,252,342100,1243725
2021-09-07T13:25:00+0530,250.6,255.2,242.6,247.35,247900,1240800
2021-09-07T13:30:00+0530,247.05,263.75,239.5,260.65,405350,1246975
2021-09-07T13:35:00+0530,261.4,266.5,241.6,249.5,328950,1225075
2021-09-07T13:40:00+0530,249.05,250.75,234.3,245.05,308600,1231700
2021-09-07T13:45:00+0530,244.25,255,240.55,241.95,239725,1220575
2021-09-07T13:50:00+0530,242.45,246,206.35,210.85,496700,1207650
2021-09-07T13:55:00+0530,209.8,211.4,188,201.55,729775,1208925
2021-09-07T14:00:00+0530,201.05,217,185,210.95,590525,1222100
2021-09-07T14:05:00+0530,210.3,225.9,203.6,216.5,413300,1238000
2021-09-07T14:10:00+0530,217.5,221.25,206,209.65,255450,1251250
2021-09-07T14:15:00+0530,210,212.55,197.25,198.85,236250,1258950
2021-09-07T14:20:00+0530,198.65,210.95,189.65,191.65,390000,1290925
2021-09-07T14:25:00+0530,189.75,197.8,176.7,193,655850,1344325
2021-09-07T14:30:00+0530,191.85,207.6,184.95,202.45,361000,1378400
2021-09-07T14:35:00+0530,202.45,205.8,184.15,186.35,355750,1377775
2021-09-07T14:40:00+0530,186,187.5,141.25,142.2,937425,1383875
2021-09-07T14:45:00+0530,142,153.65,129.65,151.1,682000,1419575
2021-09-07T14:50:00+0530,151.45,154.4,142.25,145.75,347825,1421150
2021-09-07T14:55:00+0530,145.9,180,144.2,172.35,591425,1380800
2021-09-07T15:00:00+0530,173.05,187.3,160.5,164,663850,1348675
2021-09-07T15:05:00+0530,166.3,169,152.75,156.3,371150,1319450
2021-09-07T15:10:00+0530,157.75,161.5,146.65,150.75,373850,1330150
2021-09-07T15:15:00+0530,150.65,156.8,142,153.8,423175,1307000
2021-09-07T15:20:00+0530,153.55,162.4,147.35,148.7,439525,1234550
2021-09-07T15:25:00+0530,148.95,149.9,140,142,444600,1206300
2021-09-08T09:15:00+0530,160,218.95,116.15,199.4,1944150,1265450
2021-09-08T09:20:00+0530,198.55,219.65,173.3,184.4,1667575,1512925
2021-09-08T09:25:00+0530,184.2,214.85,166.1,188.5,1270675,1613175
2021-09-08T09:30:00+0530,188.45,202.7,172.05,201.2,984800,1720375
2021-09-08T09:35:00+0530,200.45,267.55,191.6,243.3,1932400,1744150
2021-09-08T09:40:00+0530,243.6,284.15,241.5,276.65,1529750,1371800
2021-09-08T09:45:00+0530,278.1,280.4,250,268.4,811975,1318925
2021-09-08T09:50:00+0530,265.7,266.75,222.45,224.45,654400,1312900
2021-09-08T09:55:00+0530,223.55,258.5,210,253.15,738375,1299725
2021-09-08T10:00:00+0530,255,273,196.55,220.05,936725,1298725
2021-09-08T10:05:00+0530,221,224.15,202.35,206.25,626925,1308500
2021-09-08T10:10:00+0530,203.9,224,198.55,212.9,606900,1367175
2021-09-08T10:15:00+0530,212.45,227,211.75,214.7,352900,1373525
2021-09-08T10:20:00+0530,214,247.7,212.5,242.6,555250,1385625
2021-09-08T10:25:00+0530,242.05,263.4,231,255.65,528175,1350675
2021-09-08T10:30:00+0530,254.8,255.2,223.85,241.65,605175,1335525
2021-09-08T10:35:00+0530,242.7,264.55,241.8,260.35,458675,1312750
2021-09-08T10:40:00+0530,259.9,320.7,242.8,309.25,1105700,1174725
2021-09-08T10:45:00+0530,310.85,317.35,291.5,292.95,889150,1057475
2021-09-08T10:50:00+0530,293.05,311.7,274.45,311.1,486900,1014450
2021-09-08T10:55:00+0530,308.75,311,281.5,286.5,351700,1014775
2021-09-08T11:00:00+0530,286.8,299,277.15,296,292600,1009525
2021-09-08T11:05:00+0530,295.25,308,284,300.65,337375,992200
2021-09-08T11:10:00+0530,300,325.1,290.1,298.3,522650,964950
2021-09-08T11:15:00+0530,295.05,303.05,234.8,270.5,694175,941850
2021-09-08T11:20:00+0530,272.8,283.3,255.9,266.1,228025,943550
2021-09-08T11:25:00+0530,266.55,277.65,258.4,266.2,173375,941400
2021-09-08T11:30:00+0530,266.05,268.25,253,267,180600,941550
2021-09-08T11:35:00+0530,268,269.05,243.5,258.4,212825,932700
2021-09-08T11:40:00+0530,259.6,268.7,252.05,263.35,221550,941875
2021-09-08T11:45:00+0530,263.5,299.8,259.5,293.85,363925,907025
2021-09-08T11:50:00+0530,293.85,295.85,278.85,287.45,172975,895525
2021-09-08T11:55:00+0530,288.5,291,273.65,279.2,149100,888650
2021-09-08T12:00:00+0530,279.65,317,266.5,313.8,455175,865000
2021-09-08T12:05:00+0530,312.65,325,292.75,302.05,523350,827450
2021-09-08T12:10:00+0530,300.9,312.7,290.15,311.3,192125,823975
2021-09-08T12:15:00+0530,311.75,317.35,276.05,276.05,339975,814000
2021-09-08T12:20:00+0530,271.55,276.25,234.55,243,536500,808750
2021-09-08T12:25:00+0530,243.3,260,234.2,240.25,300075,816325
2021-09-08T12:30:00+0530,239.45,240,202.15,213.15,742950,877475
2021-09-08T12:35:00+0530,211.9,226.75,200.8,211.45,572300,960050
2021-09-08T12:40:00+0530,210.5,235.4,203.5,210.9,531425,967800
2021-09-08T12:45:00+0530,211.75,234,202.15,232.35,398750,966675
2021-09-08T12:50:00+0530,232.1,239.3,214.7,233.65,407925,922375
2021-09-08T12:55:00+0530,230.65,232.45,206.5,206.5,234550,928300
2021-09-08T13:00:00+0530,207.25,218.1,162.65,165.5,926725,971425
2021-09-08T13:05:00+0530,165,175.85,148.35,157.3,1254750,1297875
2021-09-08T13:10:00+0530,160.4,160.4,135,148,1110975,1423525
2021-09-08T13:15:00+0530,148.3,167.55,147,166.45,966225,1499550
2021-09-08T13:20:00+0530,166.6,176.45,160.45,173,731650,1511400
2021-09-08T13:25:00+0530,172.4,174.4,157.85,164.65,522500,1534500
2021-09-08T13:30:00+0530,163.85,180,147.15,174.85,695850,1573425
2021-09-08T13:35:00+0530,173.75,178,161.65,167.35,455575,1541775
2021-09-08T13:40:00+0530,167.15,176.4,153.65,154.9,469800,1542600
2021-09-08T13:45:00+0530,155,164.85,150.3,158.3,581675,1613450
2021-09-08T13:50:00+0530,157.25,167.5,155.55,156.25,355825,1663550
2021-09-08T13:55:00+0530,156.25,171.15,144.75,167.6,605725,1659200
2021-09-08T14:00:00+0530,168.95,179.7,164.2,169.45,615525,1654200
2021-09-08T14:05:00+0530,170.15,198.35,168,191.65,774775,1581375
2021-09-08T14:10:00+0530,191.8,203.6,180.95,200.05,875825,1540600
2021-09-08T14:15:00+0530,199.05,207.4,173.55,175.6,723700,1417075
2021-09-08T14:20:00+0530,175.1,180,163.35,169.25,510425,1426525
2021-09-08T14:25:00+0530,168.75,174.8,158.5,162.15,478425,1440625
2021-09-08T14:30:00+0530,162.65,180.85,160.15,176.6,465125,1423425
2021-09-08T14:35:00+0530,176.25,183.95,164.35,173.45,419200,1403475
2021-09-08T14:40:00+0530,174.1,196.5,165.4,185,580550,1380050
2021-09-08T14:45:00+0530,184.05,198.35,175.65,184.1,620450,1338100
2021-09-08T14:50:00+0530,184.25,192.95,178.65,187.55,407825,1309700
2021-09-08T14:55:00+0530,188.45,217,184.45,208.8,888375,1237900
2021-09-08T15:00:00+0530,209.05,230.45,209.05,219.15,895250,1043500
2021-09-08T15:05:00+0530,219.8,225,202,217.55,534200,950325
2021-09-08T15:10:00+0530,219,237.35,217.05,237.35,437575,897150
2021-09-08T15:15:00+0530,236.75,249.85,233.45,246.15,551000,784150
2021-09-08T15:20:00+0530,246.5,275,246.1,274.45,561325,648225
2021-09-08T15:25:00+0530,274.75,290,272,285,439300,592450
2021-09-09T09:15:00+0530,259.35,299.9,209.5,263.05,773450,588775
2021-09-09T09:20:00+0530,266.2,289.8,240.85,263.05,447000,654675
2021-09-09T09:25:00+0530,260,275,231.6,239.1,384375,715150
2021-09-09T09:30:00+0530,238.3,241.25,170,178.65,814125,729650
2021-09-09T09:35:00+0530,177.5,185.25,150.7,156.75,707525,864400
2021-09-09T09:40:00+0530,155.05,170,146.7,159.25,865100,994075
2021-09-09T09:45:00+0530,156.65,188,151.45,180.75,899000,996975
2021-09-09T09:50:00+0530,180.5,184.2,162.2,165.3,403600,985500
2021-09-09T09:55:00+0530,164.55,167.35,140.55,141.45,560000,1052075
2021-09-09T10:00:00+0530,140.8,166.8,140,155.4,640275,1081700
2021-09-09T10:05:00+0530,155.05,162.85,145.25,148,407225,1126225
2021-09-09T10:10:00+0530,149.7,159.9,123.95,126.45,682325,1175050
2021-09-09T10:15:00+0530,125.15,147,118.75,143.35,1126125,1300450
2021-09-09T10:20:00+0530,143.2,162.9,134.7,159.5,871500,1307325
2021-09-09T10:25:00+0530,158.75,166,144.3,150.65,567025,1295275
2021-09-09T10:30:00+0530,153.8,182.05,146.75,174.1,791175,1303625
2021-09-09T10:35:00+0530,173.95,200.95,171,183,966550,1145150
2021-09-09T10:40:00+0530,182.35,197.85,167.5,190.95,701800,1164975
2021-09-09T10:45:00+0530,190.6,195,166,168.9,480000,1195050
2021-09-09T10:50:00+0530,168.4,177.25,152.3,154.9,459500,1223125
2021-09-09T10:55:00+0530,154.5,174.5,143.55,172.15,525975,1228625
2021-09-09T11:00:00+0530,173,173.6,153,153,264750,1240425
2021-09-09T11:05:00+0530,153,176.55,141.65,171.6,505950,1247075
2021-09-09T11:10:00+0530,170.75,173,159.4,161.6,252375,1266800
2021-09-09T11:15:00+0530,161.6,176.25,154.75,167.95,407000,1284675
2021-09-09T11:20:00+0530,169.15,169.6,156.4,161.8,235975,1293575
2021-09-09T11:25:00+0530,161.65,163.3,139.65,149.75,493025,1288100
2021-09-09T11:30:00+0530,148.7,161,144.25,147.5,347825,1325350
2021-09-09T11:35:00+0530,147.05,181.1,121,168.4,1224125,1308625
2021-09-09T11:40:00+0530,169.15,178.75,162.25,167.5,664500,1295625
2021-09-09T11:45:00+0530,168.05,174,161,168.9,335925,1297450
2021-09-09T11:50:00+0530,169.7,174,154.7,168.6,411725,1281175
2021-09-09T11:55:00+0530,168.4,195,165.95,184.15,801225,1296075
2021-09-09T12:00:00+0530,185.6,191.25,166.2,166.2,458175,1222250
2021-09-09T12:05:00+0530,167.7,169,153.45,157.7,458700,1236275
2021-09-09T12:10:00+0530,158.15,161.5,147.2,151.75,368600,1251400
2021-09-09T12:15:00+0530,151.05,154.75,133.3,139.2,610250,1311200
2021-09-09T12:20:00+0530,139.2,143.75,117.75,136.8,755475,1360975
2021-09-09T12:25:00+0530,136.5,143.75,108.45,111.55,807000,1378175
2021-09-09T12:30:00+0530,112.2,120.55,96.25,108.05,1522475,1494850
2021-09-09T12:35:00+0530,110,112.25,94.95,97.55,1396050,1648075
2021-09-09T12:40:00+0530,97.2,102.3,78.1,85.3,2418100,1818950
2021-09-09T12:45:00+0530,85.25,99.6,84,96,1531450,1991800
2021-09-09T12:50:00+0530,96.65,104.5,94,99.05,1211400,2000825
2021-09-09T12:55:00+0530,98.3,113.55,92.9,93.15,1294550,1982000
2021-09-09T13:00:00+0530,92.7,103.95,88.3,97.2,1044875,1935475
2021-09-09T13:05:00+0530,97.1,98.5,64.3,68.85,2328350,2173325
2021-09-09T13:10:00+0530,69,74.85,59.25,73.15,2080875,2277225
2021-09-09T13:15:00+0530,73.45,83.8,65.5,71.85,1645200,2350025
2021-09-09T13:20:00+0530,71.8,83,68.9,77.1,1267475,2360275
2021-09-09T13:25:00+0530,76.65,97.2,75.9,77.3,1839875,2325300
2021-09-09T13:30:00+0530,77.75,104.2,77.55,84.25,2670250,2134200
2021-09-09T13:35:00+0530,85.05,104.9,83.5,93.35,1984100,2109700
2021-09-09T13:40:00+0530,93.7,108,89.35,96.85,1600975,2080625
2021-09-09T13:45:00+0530,97.25,100.85,69.85,94.1,2369000,2071375
2021-09-09T13:50:00+0530,95.5,98.7,79.15,83.8,1216850,2092275
2021-09-09T13:55:00+0530,84.1,88.95,68.45,73.9,1573625,2101500
2021-09-09T14:00:00+0530,74.35,79.5,64.3,68.6,2216350,2198475
2021-09-09T14:05:00+0530,66.05,69.4,53.4,63.1,2954800,2308100
2021-09-09T14:10:00+0530,60.75,64.55,48.9,64.25,2539200,2392950
2021-09-09T14:15:00+0530,64.55,66.25,49.1,49.1,2444950,2361025
2021-09-09T14:20:00+0530,48.5,68.95,45.95,61.55,2765500,2306550
2021-09-09T14:25:00+0530,60.95,69.95,53.6,65.6,2201400,2306650
2021-09-09T14:30:00+0530,66.95,75.1,43,50,3512475,2421200
2021-09-09T14:35:00+0530,49.2,50.2,24.3,25.2,6763775,2593475
2021-09-09T14:40:00+0530,25.3,31.9,18.05,27.95,6999150,2806350
2021-09-09T14:45:00+0530,26.85,53.8,26.35,46.5,7426025,2380800
2021-09-09T14:50:00+0530,46.65,62.45,38.35,39.7,4800075,2275575
2021-09-09T14:55:00+0530,39.2,44.9,15.45,16.55,6591000,2359800
2021-09-09T15:00:00+0530,18,81.5,17.05,77.25,8805825,1881200
2021-09-09T15:05:00+0530,78.1,85,61.7,77,3573275,1692000
2021-09-09T15:10:00+0530,76.55,85.35,68,71.8,2187325,1636650
2021-09-09T15:15:00+0530,72.4,88.35,72,87.4,1947425,1494250
2021-09-09T15:20:00+0530,87,90.55,81.15,85.75,1450325,1214700
2021-09-09T15:25:00+0530,85.55,86.4,82.15,82.5,821975,1060175
